filename,date,time,day_of_week,month,distance_km,duration_s,duration_min,duration_str,pace_sec_km,pace_str,speed_kmh,avg_hr,max_hr,cadence_spm,max_cadence_spm,calories,total_ascent_m,efficiency_factor,z1_pct,z2_pct,z3_pct,z4_pct,z5_pct
2026.06.05 16.58-RUNNING.fit,2026-06-05,16:58,Friday,2026-06,3.9,2325.0,38.8,38:45,595.4,9:55,6.05,141,168,118.9,154,328,,0.715,8.4,56.9,30.8,4.0,0.0
2026.06.06 16.34-RUNNING.fit,2026-06-06,16:34,Saturday,2026-06,5.61,3255.0,54.2,54:15,579.9,9:39,6.21,154,181,140.0,158,468,16.6,0.672,10.4,5.0,46.7,34.9,3.0
2026.06.07 16.46-RUNNING.fit,2026-06-07,16:46,Sunday,2026-06,4.08,2592.0,43.2,43:12,635.6,10:35,5.66,147,165,136.0,168,336,,0.642,3.2,28.0,66.4,2.4,0.0
2026.06.13 16.54-RUNNING.fit,2026-06-13,16:54,Saturday,2026-06,4.07,2128.0,35.5,35:28,522.6,8:42,6.89,166,187,142.8,176,357,,0.692,0.4,18.5,7.1,39.1,34.9
2026.06.19 16.54-RUNNING.fit,2026-06-19,16:54,Friday,2026-06,3.35,2167.0,36.1,36:07,646.9,10:46,5.57,136,158,115.8,170,267,,0.682,33.6,23.8,42.6,0.0,0.0
2026.06.20 16.50-RUNNING.fit,2026-06-20,16:50,Saturday,2026-06,4.13,2500.0,41.7,41:40,605.2,10:05,5.95,143,176,121.7,168,361,,0.693,9.8,54.4,16.7,18.7,0.5
2026.06.21 16.35-RUNNING.fit,2026-06-21,16:35,Sunday,2026-06,5.01,2685.0,44.8,44:45,536.0,8:56,6.72,150,177,142.0,160,448,,0.746,23.1,2.0,17.3,55.2,2.4
2026.06.26 16.38-RUNNING.fit,2026-06-26,16:38,Friday,2026-06,5.0,2506.0,41.8,41:46,501.2,8:21,7.18,167,181,149.1,170,515,15.4,0.717,0.2,1.4,11.4,80.0,7.0
2026.06.27 06.31-RUNNING.fit,2026-06-27,06:31,Saturday,2026-06,5.01,2887.0,48.1,48:07,576.2,9:36,6.25,139,153,143.4,152,420,12.6,0.749,1.7,75.9,22.3,0.0,0.0
2026.06.28 07.08-RUNNING.fit,2026-06-28,07:08,Sunday,2026-06,5.01,2816.0,46.9,46:56,562.1,9:22,6.4,144,157,145.8,160,429,13.8,0.741,2.0,44.6,53.4,0.0,0.0
2026.07.03 16.42-RUNNING.fit,2026-07-03,16:42,Friday,2026-07,5.01,2430.0,40.5,40:30,485.0,8:05,7.42,167,180,151.5,164,489,15.4,0.741,1.0,4.7,8.9,77.0,8.4
2026.07.08 18.23-RUNNING.fit,2026-07-08,18:23,Wednesday,2026-07,5.01,2627.0,43.8,43:47,524.4,8:44,6.87,150,177,150.3,170,434,9.0,0.763,2.5,24.4,57.4,15.6,0.2
2026.07.09 19.34-RUNNING.fit,2026-07-09,19:34,Thursday,2026-07,5.01,2540.0,42.3,42:20,507.0,8:26,7.1,150,172,153.4,166,436,5.2,0.789,2.6,26.3,52.8,18.4,0.0
2026.07.11 16.52-RUNNING.fit,2026-07-11,16:52,Saturday,2026-07,3.83,1906.0,31.8,31:46,497.7,8:17,7.23,160,173,149.7,166,365,9.6,0.754,1.1,4.1,34.7,60.2,0.0
2026.07.15 19.06-RUNNING.fit,2026-07-15,19:06,Wednesday,2026-07,5.01,2801.0,46.7,46:41,559.1,9:19,6.44,139,179,146.0,166,426,9.4,0.772,53.6,5.4,11.8,25.8,3.4
2026.07.16 16.49-RUNNING.fit,2026-07-16,16:49,Thursday,2026-07,5.01,2736.0,45.6,45:36,546.1,9:06,6.59,149,178,147.2,168,438,16.0,0.737,0.7,37.1,48.7,9.5,4.0
2026.07.18 16.42-RUNNING.fit,2026-07-18,16:42,Saturday,2026-07,5.01,2718.0,45.3,45:18,542.5,9:02,6.64,144,169,140.5,172,433,15.4,0.768,30.1,6.5,53.9,9.6,0.0
2026.07.20 19.50-RUNNING.fit,2026-07-20,19:50,Monday,2026-07,4.57,2262.0,37.7,37:42,495.0,8:14,7.27,166,180,153.6,166,447,9.2,0.73,1.3,4.2,13.3,67.2,14.0
2026.07.22 18.24-RUNNING.fit,2026-07-22,18:24,Wednesday,2026-07,5.1,2801.0,46.7,46:41,549.2,9:09,6.55,138,166,148.7,182,416,11.6,0.792,10.0,76.8,11.2,1.9,0.0
2026.07.23 18.25-RUNNING.fit,2026-07-23,18:25,Thursday,2026-07,10.03,5236.0,87.3,01:27:16,522.0,8:42,6.9,157,171,152.4,168,931,18.2,0.732,0.3,1.7,64.6,33.4,0.0
2026.07.28 18.13-RUNNING.fit,2026-07-28,18:13,Tuesday,2026-07,5.22,2713.0,45.2,45:13,519.7,8:39,6.93,140,173,150.9,164,429,12.8,0.825,24.2,42.9,13.9,19.0,0.0
2026.08.01 16.59-RUNNING.fit,2026-08-01,16:59,Saturday,2026-08,3.32,1590.0,26.5,26:30,478.9,7:58,7.52,160,175,145.7,176,314,11.0,0.783,12.0,5.5,7.2,75.3,0.0
2026.08.04 18.16-RUNNING.fit,2026-08-04,18:16,Tuesday,2026-08,5.36,2477.0,41.3,41:17,462.1,7:42,7.79,161,184,157.9,178,508,9.6,0.806,5.9,12.2,24.9,30.4,26.7
2026.08.08 16.52-RUNNING.fit,2026-08-08,16:52,Saturday,2026-08,2.5,1500.0,25.0,25:00,600.0,10:00,6.0,143,154,136.0,160,223,6.4,0.699,13.3,20.8,66.0,0.0,0.0
2026.08.09 16.26-RUNNING.fit,2026-08-09,16:26,Sunday,2026-08,5.12,2295.0,38.2,38:15,448.2,7:28,8.03,165,178,151.8,164,492,13.8,0.811,0.9,1.3,20.1,70.6,7.1
2026.08.13 16.57-RUNNING.fit,2026-08-13,16:57,Thursday,2026-08,4.47,2271.0,37.9,37:51,508.1,8:28,7.09,151,168,144.9,174,392,12.2,0.782,5.3,25.2,50.1,19.4,0.0
2026.08.14 16.41-RUNNING.fit,2026-08-14,16:41,Friday,2026-08,5.08,2359.0,39.3,39:19,464.4,7:44,7.75,159,173,158.2,172,474,12.0,0.813,0.6,6.6,44.0,48.7,0.0
2026.08.15 16.43-RUNNING.fit,2026-08-15,16:43,Saturday,2026-08,5.07,2568.0,42.8,42:48,506.5,8:26,7.11,155,165,148.8,172,463,14.2,0.764,0.8,4.3,75.2,19.7,0.0
2026.08.16 16.50-RUNNING.fit,2026-08-16,16:50,Sunday,2026-08,3.22,1894.0,31.6,31:34,588.2,9:48,6.12,131,138,142.8,154,247,9.2,0.779,15.6,84.4,0.0,0.0,0.0
2026.08.17 06.15-RUNNING.fit,2026-08-17,06:15,Monday,2026-08,17.09,9577.0,159.6,02:39:37,560.4,9:20,6.42,148,169,145.3,166,1504,52.4,0.723,2.1,28.9,62.9,6.1,0.0
2026.08.22 17.00-RUNNING.fit,2026-08-22,17:00,Saturday,2026-08,3.01,1560.0,26.0,26:00,518.3,8:38,6.95,142,156,148.7,166,251,9.0,0.815,3.9,65.5,30.6,0.0,0.0
2026.08.23 06.43-RUNNING.fit,2026-08-23,06:43,Sunday,2026-08,6.5,3150.0,52.5,52:30,484.6,8:04,7.43,149,183,153.7,174,567,18.4,0.831,3.7,44.1,29.3,15.7,7.2
2026.08.25 06.47-RUNNING.fit,2026-08-25,06:47,Tuesday,2026-08,5.01,2655.0,44.2,44:15,529.9,8:49,6.79,136,147,150.8,158,388,11.2,0.833,5.5,93.8,0.8,0.0,0.0
2026.08.25 17.07-RUNNING.fit,2026-08-25,17:07,Tuesday,2026-08,2.17,813.0,13.6,13:33,374.7,6:14,9.61,171,183,163.4,170,193,,0.937,3.4,4.4,8.8,44.4,39.0
2026.08.28 06.43-RUNNING.fit,2026-08-28,06:43,Friday,2026-08,3.01,1685.0,28.1,28:05,559.8,9:19,6.43,131,143,144.5,158,230,8.6,0.818,21.8,78.2,0.0,0.0,0.0
2026.08.29 06.20-RUNNING.fit,2026-08-29,06:20,Saturday,2026-08,8.25,3641.0,60.7,01:00:41,441.3,7:21,8.16,168,178,155.1,172,794,23.6,0.809,1.0,0.7,9.7,86.0,2.6
2026.08.30 06.30-RUNNING.fit,2026-08-30,06:30,Sunday,2026-08,5.04,2013.0,33.5,33:33,399.4,6:39,9.01,164,178,161.6,178,454,9.4,0.916,1.2,1.7,21.2,72.6,3.2
2026.09.01 17.40-RUNNING.fit,2026-09-01,17:40,Tuesday,2026-09,6.1,2930.0,48.8,48:50,480.3,8:00,7.49,144,174,149.4,174,514,12.6,0.867,13.9,35.1,36.3,14.8,0.0
2026.09.03 16.55-RUNNING.fit,2026-09-03,16:55,Thursday,2026-09,5.15,2213.0,36.9,36:53,429.7,7:09,8.38,159,173,158.1,170,470,13.8,0.878,1.1,2.7,44.2,51.9,0.0
2026.09.04 17.08-RUNNING.fit,2026-09-04,17:08,Friday,2026-09,4.12,2302.0,38.4,38:22,558.7,9:18,6.44,133,169,141.5,194,334,8.6,0.807,57.5,16.1,9.2,17.2,0.0
2026.09.06 05.48-RUNNING.fit,2026-09-06,05:48,Sunday,2026-09,5.4,3237.0,54.0,53:57,599.4,9:59,6.01,136,167,138.9,198,463,113.8,0.736,20.3,61.8,17.2,0.8,0.0
2026.09.08 17.07-RUNNING.fit,2026-09-08,17:07,Tuesday,2026-09,4.05,1830.0,30.5,30:30,451.9,7:31,7.97,158,173,157.5,168,376,6.4,0.84,0.8,3.3,50.6,45.2,0.0
2026.09.10 17.26-RUNNING.fit,2026-09-10,17:26,Thursday,2026-09,7.4,3461.0,57.7,57:41,467.7,7:47,7.7,154,171,154.7,172,682,15.0,0.833,0.9,12.2,63.1,23.9,0.0
2026.09.13 06.21-RUNNING.fit,2026-09-13,06:21,Sunday,2026-09,13.01,6700.0,111.7,01:51:40,515.0,8:34,6.99,150,170,151.9,170,1144,28.6,0.777,0.5,21.1,72.2,6.2,0.0
2026.09.15 17.37-RUNNING.fit,2026-09-15,17:37,Tuesday,2026-09,5.48,2598.0,43.3,43:18,474.1,7:54,7.59,147,177,153.4,178,471,9.6,0.861,1.7,29.3,62.7,5.6,0.6
2026.09.17 16.44-RUNNING.fit,2026-09-17,16:44,Thursday,2026-09,5.26,2482.0,41.4,41:22,471.9,7:51,7.63,149,172,148.1,172,456,14.2,0.853,6.4,37.2,21.8,34.6,0.0
2026.09.18 16.43-RUNNING.fit,2026-09-18,16:43,Friday,2026-09,3.5,1901.0,31.7,31:41,543.1,9:03,6.63,137,146,150.1,158,276,9.8,0.806,1.6,97.9,0.5,0.0,0.0
2026.09.20 07.01-RUNNING.fit,2026-09-20,07:01,Sunday,2026-09,6.01,2690.0,44.8,44:50,447.6,7:27,8.04,153,174,160.9,184,535,14.0,0.876,1.9,13.3,63.7,21.2,0.0
2026.09.22 17.26-RUNNING.fit,2026-09-22,17:26,Tuesday,2026-09,5.3,2297.0,38.3,38:17,433.4,7:13,8.31,156,174,161.0,172,471,11.0,0.887,10.7,8.3,24.9,56.1,0.0
2026.09.25 16.56-RUNNING.fit,2026-09-25,16:56,Friday,2026-09,5.63,2461.0,41.0,41:01,437.1,7:17,8.24,161,175,161.9,184,520,12.8,0.853,1.6,8.4,21.7,68.3,0.0
2026.09.27 05.30-RUNNING.fit,2026-09-27,05:30,Sunday,2026-09,5.01,1908.0,31.8,31:48,380.8,6:20,9.45,167,179,164.0,186,448,15.8,0.943,0.0,0.5,6.6,91.1,1.8
2026.10.03 06.55-RUNNING.fit,2026-10-03,06:55,Saturday,2026-10,3.41,1539.0,25.6,25:39,451.3,7:31,7.98,146,154,158.2,166,293,6.2,0.911,2.9,27.4,69.6,0.0,0.0
2026.10.04 05.36-RUNNING.fit,2026-10-04,05:36,Sunday,2026-10,5.14,2082.0,34.7,34:42,405.1,6:45,8.89,157,183,162.9,192,444,21.0,0.943,6.3,6.3,36.9,46.2,4.3
